Agency,Bureau,Number of Websites,Number of Websites with DAP,Percent with DAP,Number of Websites with USWDS Semantic Version,Percent of Websites with USWDS Semantic Version
.gov Administration,.gov Administration,2,0,0.0,0,0.0
.gov Administration,Infrastructure Commission,1,1,100.0,0,0.0
Administrative Office of the United States Courts,United States Court of Appeals for Veterans Claims,2,0,0.0,0,0.0
Board of Governors of the Federal Reserve,Federal Financial Institutions Examination Council,11,0,0.0,0,0.0
Board of Governors of the Federal Reserve,Federal Reserve Bank,12,0,0.0,0,0.0
Board of Governors of the Federal Reserve,The Financial and Banking Information Infrastructure Committee,1,0,0.0,0,0.0
Corporation for National and Community Service,AmeriCorps,19,4,21.05,0,0.0
Corporation for National and Community Service,AmeriCorps Office of Inspector General,1,0,0.0,0,0.0
Council of the Inspectors General on Integrity and Efficiency,Council of the Inspectors General on Integrity and Efficiency,13,3,23.08,3,23.08
Court Services and Offender Supervision Agency for the District of Columbia,Pretrial Services Agency for the District of Columbia,1,0,0.0,0,0.0
Department of Agriculture,Agricultural Research Service,7,2,28.57,0,0.0
Department of Agriculture,Food and Nutrition Service,2,0,0.0,0,0.0
Department of Agriculture,Forest Service,12,3,25.0,1,8.33
Department of Agriculture,Office of Chief Financial Officer,4,0,0.0,0,0.0
Department of Agriculture,Office of Chief Information Officer,1,0,0.0,1,100.0
Department of Agriculture,Office of Communications,3,2,66.67,0,0.0
Department of Agriculture,Rural Development,1,0,0.0,0,0.0
Department of Commerce,Bureau of Economic Analysis,7,2,28.57,0,0.0
Department of Commerce,Bureau of Industry and Security,3,0,0.0,0,0.0
Department of Commerce,Bureau of the Census,48,23,47.92,12,25.0
Department of Commerce,Economic Development Administration,4,0,0.0,0,0.0
Department of Commerce,International Trade Administration,22,5,22.73,1,4.55
Department of Commerce,Minority Business Development Agency,3,0,0.0,0,0.0
Department of Commerce,National Institute of Standards and Technology,169,47,27.81,11,6.51
Department of Commerce,National Oceanic and Atmospheric Administration,552,299,54.17,40,7.25
Department of Commerce,National Technical Information Service,6,3,50.0,0,0.0
Department of Commerce,National Telecommunications and Information Administration,9,3,33.33,0,0.0
Department of Commerce,U.S. Patent and Trademark Office,69,26,37.68,4,5.8
Department of Defense,Air Force,229,2,0.87,2,0.87
Department of Defense,Army,208,25,12.02,6,2.88
Department of Defense,Coast Guard,14,0,0.0,0,0.0
Department of Defense,Defense Health Agency,3,2,66.67,0,0.0
Department of Defense,Defense Human Resources Activity,1,0,0.0,0,0.0
Department of Defense,Defense Media Activity,48,0,0.0,0,0.0
Department of Defense,Interagency OPSEC Support Staff,1,0,0.0,0,0.0
Department of Defense,National Guard,23,0,0.0,0,0.0
Department of Defense,National Security Agency,7,1,14.29,0,0.0
Department of Defense,Navy,100,0,0.0,2,2.0
Department of Defense,Office of the Secretary of Defense,7,0,0.0,0,0.0
Department of Defense,Space Force,2,0,0.0,0,0.0
Department of Education,Office of the Chief Information Officer,151,28,18.54,1,0.66
Department of Energy,Ames National Laboratory,5,0,0.0,0,0.0
Department of Energy,Argonne National Laboratory,222,0,0.0,0,0.0
Department of Energy,Battelle Pacific Northwest National Laboratory,23,9,39.13,0,0.0
Department of Energy,Bonneville Power Administration,10,2,20.0,0,0.0
Department of Energy,Brookhaven National Laboratory,70,0,0.0,0,0.0
Department of Energy,Department of Energy Bulding Energy Codes Program,1,0,0.0,0,0.0
Department of Energy,Energy Information Administration,4,0,0.0,0,0.0
Department of Energy,Fermi National Accelerator Laboratory,218,59,27.06,0,0.0
Department of Energy,Hanford Mission Integration Solutions,15,1,6.67,0,0.0
Department of Energy,Idaho National Laboratory,56,1,1.79,0,0.0
Department of Energy,Lawrence Berkeley National Laboratory,454,0,0.0,0,0.0
Department of Energy,Lawrence Livermore National Laboratory,196,167,85.2,8,4.08
Department of Energy,Los Alamos National Laboratory,72,22,30.56,0,0.0
Department of Energy,National Energy Research Scientific Computing Center,11,0,0.0,0,0.0
Department of Energy,"National Nuclear Security Administration, National Security Technologies, LLC",1,0,0.0,0,0.0
Department of Energy,National Renewable Energy Laboratory,45,37,82.22,0,0.0
Department of Energy,Oak Ridge Associated Universities,7,1,14.29,0,0.0
Department of Energy,Oak Ridge National Laboratory,237,113,47.68,4,1.69
Department of Energy,Office of Critical Minerals and Energy Innovation,1,1,100.0,0,0.0
Department of Energy,Office of Scientific and Technical Information,4,0,0.0,0,0.0
Department of Energy,Office of the Chief Information Officer,181,48,26.52,8,4.42
Department of Energy,Pacific Northwest National Laboratory,90,27,30.0,6,6.67
Department of Energy,Portsmouth/Paducah Project Office,1,1,100.0,0,0.0
Department of Energy,Princeton Plasma Physics Lab,33,0,0.0,0,0.0
Department of Energy,Sandia National Laboratories,57,36,63.16,0,0.0
Department of Energy,Savannah River National Lab,1,1,100.0,0,0.0
Department of Energy,Savannah River Nuclear Solutions (SRNS),8,0,0.0,0,0.0
Department of Energy,The National Isotope Development Center,1,0,0.0,1,100.0
Department of Energy,Western Area Power Administration,5,1,20.0,0,0.0
Department of Health and Human Services,Administration for Children and Families,72,7,9.72,1,1.39
Department of Health and Human Services,Administration for Community Living,41,6,14.63,0,0.0
Department of Health and Human Services,Administration for Strategic Preparedness and Response,1,0,0.0,1,100.0
Department of Health and Human Services,Advanced Research Projects Agency for Health,5,5,100.0,0,0.0
Department of Health and Human Services,Agency for Healthcare Research and Quality,60,8,13.33,1,1.67
Department of Health and Human Services,"Assistant Secretary for Financial Resources, Office of the Secretary",18,6,33.33,7,38.89
Department of Health and Human Services,"Assistant Secretary for Planning and Evaluation, Office of the Secretary",3,2,66.67,0,0.0
Department of Health and Human Services,"Assistant Secretary for Preparedness and Response, Office of the Secretary",3,1,33.33,0,0.0
Department of Health and Human Services,Centers for Disease Control and Prevention,121,72,59.5,1,0.83
Department of Health and Human Services,Centers for Medicare and Medicaid Services,321,67,20.87,12,3.74
Department of Health and Human Services,"Enterprise Information Technology, NIH",14,6,42.86,0,0.0
Department of Health and Human Services,Food and Drug Administration,67,21,31.34,2,2.99
Department of Health and Human Services,Health Resources and Services Administration,68,9,13.24,6,8.82
Department of Health and Human Services,Indian Health Service,17,0,0.0,0,0.0
Department of Health and Human Services,"National Cancer Institute, NIH",201,153,76.12,6,2.99
Department of Health and Human Services,National Center for Advancing Translational Sciences,1,1,100.0,0,0.0
Department of Health and Human Services,"National Institute on Alcohol Abuse and Alcoholism, NIH",2,1,50.0,0,0.0
Department of Health and Human Services,"National Institute on Drug Abuse, NIH",5,3,60.0,0,0.0
Department of Health and Human Services,National Institutes of Health,766,308,40.21,32,4.18
Department of Health and Human Services,"National Institutes on Aging, NIH",1,0,0.0,0,0.0
Department of Health and Human Services,"National Library of Medicine, NIH",23,12,52.17,2,8.7
Department of Health and Human Services,"Office of Disease Prevention and Health Promotion, Office of the Secretary",2,2,100.0,0,0.0
Department of Health and Human Services,"Office of Global Affairs, Office of the Secretary",1,0,0.0,0,0.0
Department of Health and Human Services,"Office of Grants, Division of Workforce Development",1,0,0.0,0,0.0
Department of Health and Human Services,"Office of Public Health and Science, Office on Women's Health",2,2,100.0,1,50.0
Department of Health and Human Services,Office of the Assistant Secretary for Health,9,2,22.22,0,0.0
Department of Health and Human Services,"Office of the National Coordinator, Office of the Secretary",49,3,6.12,0,0.0
Department of Health and Human Services,Office of the Secretary of Health and Human Services,245,32,13.06,13,5.31
Department of Health and Human Services,"Office of the Surgeon General, Office of the Secretary",1,0,0.0,0,0.0
Department of Health and Human Services,Program Support Center,18,2,11.11,1,5.56
Department of Health and Human Services,Substance Abuse and Mental Health Services Administration,31,2,6.45,1,3.23
Department of Homeland Security,Citizenship and Immigration Services,30,7,23.33,0,0.0
Department of Homeland Security,Cybersecurity and Infrastructure Security Agency,24,3,12.5,0,0.0
Department of Homeland Security,Federal Emergency Management Agency,68,27,39.71,3,4.41
Department of Homeland Security,Federal Law Enforcement Training Center,22,4,18.18,1,4.55
Department of Homeland Security,Management Directorate,159,41,25.79,9,5.66
Department of Homeland Security,Science and Technology Directorate,1,1,100.0,1,100.0
Department of Homeland Security,Transportation Security Administration,21,0,0.0,0,0.0
Department of Homeland Security,U.S. Customs and Border Protection,35,22,62.86,4,11.43
Department of Homeland Security,U.S. Immigration and Customs Enforcement,18,5,27.78,0,0.0
Department of Homeland Security,United States Coast Guard,12,8,66.67,0,0.0
Department of Homeland Security,United States Secret Service,6,1,16.67,1,16.67
Department of Housing and Urban Development,Assistant Secretary for Policy Development and Research,4,0,0.0,0,0.0
Department of Housing and Urban Development,Government National Mortgage Association,11,2,18.18,0,0.0
Department of Justice,Asset Forfeiture Management Staff,9,1,11.11,0,0.0
Department of Justice,"Bureau of Alcohol, Tobacco, Firearms, and Explosives",14,2,14.29,0,0.0
Department of Justice,Civil Rights Division,7,2,28.57,0,0.0
Department of Justice,"Department of Justice, National Institute of Corrections",12,12,100.0,2,16.67
Department of Justice,"Department of Justice, Office of e-Government",12,3,25.0,3,25.0
Department of Justice,Drug Enforcement Administration,12,0,0.0,0,0.0
Department of Justice,Federal Bureau of Investigation,53,1,1.89,1,1.89
Department of Justice,Federal Bureau of Prisons,5,3,60.0,0,0.0
Department of Justice,Institute for Intergovernmental Research,2,1,50.0,1,50.0
Department of Justice,Internet Crime Complaint Center,6,5,83.33,5,83.33
Department of Justice,National Security Division,2,0,0.0,0,0.0
Department of Justice,Office of Justice Programs,193,152,78.76,149,77.2
Department of Justice,Office of the Chief Information Officer,22,4,18.18,1,4.55
Department of Justice,RCFL,1,1,100.0,0,0.0
Department of Justice,U.S Immigration and Customs Enforcement,1,1,100.0,0,0.0
Department of Justice,"U.S. Department of Justice, BI, Domestic Security Alliance Council (DSAC)",3,1,33.33,0,0.0
Department of Justice,U.S. Marshals Service,5,2,40.0,0,0.0
Department of Justice,Unicor,1,0,0.0,0,0.0
Department of Labor,Bureau of Labor Statistics,22,17,77.27,16,72.73
Department of Labor,Employment and Training Administration,127,105,82.68,0,0.0
Department of Labor,Office of the Assistant Secretary for Administration and Management,1,1,100.0,0,0.0
Department of State,Bureau of Diplomatic Security,1,0,0.0,0,0.0
Department of State,Bureau of East Asian and Pacific Affairs,3,1,33.33,0,0.0
Department of State,Bureau of Global Public Affairs,321,230,71.65,6,1.87
Department of State,Bureau of Information Resources Management,1,0,0.0,0,0.0
Department of State,Bureau of Political and Military Affairs,1,0,0.0,1,100.0
Department of State,Bureau of Western Hemisphere Affairs,3,1,33.33,1,33.33
Department of State,Office of the Inspector General,1,0,0.0,0,0.0
Department of Transportation,Bureau of Transportation Statistics,11,1,9.09,0,0.0
Department of Transportation,Federal Aviation Administration,111,0,0.0,0,0.0
Department of Transportation,National Highway Traffic Safety Administration,19,0,0.0,0,0.0
Department of Transportation,U.S. Department of Transportation,4,1,25.0,0,0.0
Department of Transportation,U.S. Department of Transportation Office of Aviation Consumer Protection,1,0,0.0,0,0.0
Department of Veterans Affairs,Department of Veterans Affairs - PREVENTS,1,1,100.0,0,0.0
Department of Veterans Affairs,Inspector General,1,0,0.0,1,100.0
Department of Veterans Affairs,"Office of Information and Technology, IT Operations and Services (ITOPS)",188,93,49.47,6,3.19
Department of Veterans Affairs,Veterans Experience Office,1,1,100.0,0,0.0
Department of the Interior,Aviation Management Directorate,1,1,100.0,0,0.0
Department of the Interior,Bureau of Indian Affairs,3,1,33.33,0,0.0
Department of the Interior,Bureau of Land Management,35,19,54.29,1,2.86
Department of the Interior,Bureau of Reclamation,2,0,0.0,0,0.0
Department of the Interior,Joint Fire Science Program,1,0,0.0,0,0.0
Department of the Interior,Minerals Management Service,19,4,21.05,2,10.53
Department of the Interior,National Indian Gaming Commission,3,0,0.0,0,0.0
Department of the Interior,National Interagency Fire Center,9,2,22.22,3,33.33
Department of the Interior,National Park Service,24,10,41.67,2,8.33
Department of the Interior,National Wildfire Coordinating Group,4,0,0.0,0,0.0
Department of the Interior,Office of Inspector General,5,0,0.0,0,0.0
Department of the Interior,Office of Surface Mining Reclamation and Enforcement,9,8,88.89,3,33.33
Department of the Interior,USGS-NWRC,1,1,100.0,0,0.0
Department of the Interior,United States Fish and Wildlife Service,39,3,7.69,0,0.0
Department of the Interior,United States Geological Survey,300,81,27.0,15,5.0
Department of the Treasury,Alcohol and Tobacco Tax and Trade Bureau,7,3,42.86,0,0.0
Department of the Treasury,Bureau of Engraving and Printing,2,1,50.0,0,0.0
Department of the Treasury,Bureau of the Fiscal Service,80,18,22.5,3,3.75
Department of the Treasury,CDFI,2,1,50.0,0,0.0
Department of the Treasury,Citizens Coinage Advisory Committee (Mint),1,1,100.0,0,0.0
Department of the Treasury,Department of the Treasury - DO,22,9,40.91,3,13.64
Department of the Treasury,Department of the Treasury - OCIO,53,13,24.53,5,9.43
Department of the Treasury,Departmental Offices,3,1,33.33,1,33.33
Department of the Treasury,Financial Crimes Enforcement Network,5,5,100.0,1,20.0
Department of the Treasury,Internal Revenue Service,70,3,4.29,0,0.0
Department of the Treasury,Office of Financial Research (OFR),1,1,100.0,0,0.0
Department of the Treasury,Office of the Comptroller of the Currency,18,8,44.44,0,0.0
Department of the Treasury,Treasury Inspector General for Tax Administration,2,0,0.0,1,50.0
Department of the Treasury,United States Mint,11,0,0.0,0,0.0
Executive Office of the President,Department of Government Efficiency,5,2,40.0,0,0.0
Executive Office of the President,Office of Administration,2,0,0.0,0,0.0
Executive Office of the President,Office of Management and Budget,50,1,2.0,1,2.0
Executive Office of the President,Office of National Drug Control Policy,1,0,0.0,0,0.0
Executive Office of the President,Office of Science and Technology Policy,8,2,25.0,3,37.5
Executive Office of the President,Office of the United States Trade Representative,1,0,0.0,0,0.0
Executive Office of the President,White House Office,16,0,0.0,0,0.0
General Services Administration,Civilian Board of Contract Appeals,2,1,50.0,0,0.0
General Services Administration,Federal Acquisition Service,260,82,31.66,18,6.92
General Services Administration,"GSA, CIO.GOV",6,3,50.0,1,16.67
General Services Administration,Office of GSA IT,141,83,58.87,40,28.37
General Services Administration,Office of Governmentwide Policy,2,1,50.0,0,0.0
General Services Administration,Office of Inspector General,2,0,0.0,0,0.0
Medicare Payment Advisory Commission,Medicare Payment Advisory Commission,1,0,0.0,0,0.0
Morris K. Udall and Stewart L. Udall Foundation,Morris K. Udall and Stewart L. Udall Foundation,9,4,44.44,0,0.0
National Aeronautics and Space Administration,Langley Research Center,1,0,0.0,0,0.0
National Aeronautics and Space Administration,NASA Earth Science Division,2,0,0.0,0,0.0
National Aeronautics and Space Administration,NASA Office of the Chief Information Officer,899,438,48.72,20,2.22
National Aeronautics and Space Administration,NASA Science Data Systems Branch,15,9,60.0,0,0.0
National Endowment for the Arts,Office of Information and Technology Management,5,1,20.0,0,0.0
National Endowment for the Humanities,Office of Information Resources Management,8,2,25.0,0,0.0
Office of Congressional Workplace Rights,Office of Congressional Workplace Rights,2,0,0.0,0,0.0
Stennis Center for Public Service,John C. Stennis Center for Public Service,1,0,0.0,0,0.0
U.S. Commission for the Preservation of Americas Heritage Abroad,USCPAHA,2,0,0.0,0,0.0
U.S. Commission of Fine Arts,U.S. Commission of Fine Arts,1,0,0.0,0,0.0
U.S. Commission on Civil Rights,ASCD-CIO,1,1,100.0,0,0.0
U.S. Commission on Civil Rights,Commission on the Social Status of Black Men and Black Boys,1,1,100.0,0,0.0
U.S. Commission on International Religious Freedom,U.S. Commission on International Religious Freedom,1,0,0.0,0,0.0
U.S. Interagency Council on Homelessness,United States Interagency Council on Homelessness,6,0,0.0,0,0.0
U.S. Nuclear Waste Technical Review Board,Nuclear Waste Technical Review Board,1,1,100.0,0,0.0
U.S. Semiquincentennial Commission,United States Semiquincentennial Commission,1,0,0.0,0,0.0
U.S.-China Economic and Security Review Commission,U.S.-China Economic and Security Review Commission,1,0,0.0,0,0.0
United States AbilityOne Commission,Committee for Purchase From People Who Are Blind or Severely Disabled,4,0,0.0,2,50.0
United States African Development Foundation,African Development Foundation,2,0,0.0,0,0.0
United States Agency for Global Media,VOA,3,0,0.0,0,0.0
United States House of Representatives,Commission on Security and Cooperation in Europe,1,0,0.0,0,0.0
United States House of Representatives,Congressional-Executive Commission on China,2,0,0.0,0,0.0
United States House of Representatives,Democratic Whip's Office,1,0,0.0,0,0.0
United States House of Representatives,House Democratic Caucus,2,0,0.0,0,0.0
United States House of Representatives,House Republican Conference,1,0,0.0,0,0.0
United States House of Representatives,House of Representatives,527,0,0.0,0,0.0
United States House of Representatives,Office of the House Republican Leader,1,0,0.0,0,0.0
United States House of Representatives,"The Joint Committee on Taxation, United States Congress",1,0,0.0,0,0.0
